{
    "Rotation degrees": [
        0,
        0,
        315
    ],
    "Image rotation mode": "lanczos",
    "Label rotation mode": "nearest",
    "MAE error on original images": 0.004680798626048104,
    "DICE metric on labels": 0.9787377615769705,
    "DICE metric on segmentations": 0.5617276231447855
}