{
    "Rotation degrees": [
        0,
        0,
        315
    ],
    "Image rotation mode": "bilinear",
    "Label rotation mode": "nearest",
    "MAE error on original images": 0.008973498603980067,
    "DICE metric on labels": 0.9787377615769705,
    "DICE metric on segmentations": 0.5660106937090555
}