{
    "Rotation degrees": [
        0,
        0,
        315
    ],
    "Image rotation mode": "bilinear",
    "Label rotation mode": "detailed",
    "MAE error on original images": 0.008973498603980067,
    "DICE metric on labels": 0.9830525914827982,
    "DICE metric on segmentations": 0.5700989663600922
}