{
    "Rotation degrees": [
        0,
        0,
        315
    ],
    "Image rotation mode": "gaussian",
    "Label rotation mode": "nearest",
    "MAE error on original images": 0.04778050931114664,
    "DICE metric on labels": 0.9787377615769705,
    "DICE metric on segmentations": 0.5509717166423798
}