{
    "Rotation degrees": [
        0,
        45,
        0
    ],
    "Image rotation mode": "cosine",
    "Label rotation mode": "nearest",
    "MAE error on original images": 0.003877325109340879,
    "DICE metric on labels": 0.9774895509084066,
    "DICE metric on segmentations": 0.4666455239057541
}