{
    "Rotation degrees": [
        0,
        45,
        0
    ],
    "Image rotation mode": "bilinear",
    "Label rotation mode": "nearest",
    "MAE error on original images": 0.005393954338840685,
    "DICE metric on labels": 0.9774895509084066,
    "DICE metric on segmentations": 0.4687572667996089
}