{
    "Rotation degrees": [
        0,
        45,
        0
    ],
    "Image rotation mode": "bilinear",
    "Label rotation mode": "label_gaussian",
    "MAE error on original images": 0.005393954338840685,
    "DICE metric on labels": 0.9038211901982626,
    "DICE metric on segmentations": 0.48048388957977295
}