{
    "Rotation degrees": [
        0,
        45,
        0
    ],
    "Image rotation mode": "bspline",
    "Label rotation mode": "nearest",
    "MAE error on original images": 0.016168778863430038,
    "DICE metric on labels": 0.9774895509084066,
    "DICE metric on segmentations": 0.46832160154978436
}