{
    "Rotation degrees": [
        225,
        0,
        0
    ],
    "Image rotation mode": "lanczos",
    "Label rotation mode": "nearest",
    "MAE error on original images": 0.004056063601539746,
    "DICE metric on labels": 0.9763282835483551,
    "DICE metric on segmentations": 0.4361863483985265
}