{
    "Rotation degrees": [
        225,
        0,
        0
    ],
    "Image rotation mode": "bilinear",
    "Label rotation mode": "nearest",
    "MAE error on original images": 0.0074510731601132064,
    "DICE metric on labels": 0.9763282835483551,
    "DICE metric on segmentations": 0.43723582724730176
}