{
    "Rotation degrees": [
        225,
        0,
        0
    ],
    "Image rotation mode": "gaussian",
    "Label rotation mode": "nearest",
    "MAE error on original images": 0.047777468682493905,
    "DICE metric on labels": 0.9763282835483551,
    "DICE metric on segmentations": 0.431620513399442
}