{
    "Rotation degrees": [
        225,
        0,
        0
    ],
    "Image rotation mode": "bilinear",
    "Label rotation mode": "detailed",
    "MAE error on original images": 0.0074510731601132064,
    "DICE metric on labels": 0.9869551857312521,
    "DICE metric on segmentations": 0.437930886944135
}