{
    "Rotation degrees": [
        135,
        0,
        0
    ],
    "Image rotation mode": "bilinear",
    "Label rotation mode": "detailed",
    "MAE error on original images": 0.00742629814787981,
    "DICE metric on labels": 0.9869553645451864,
    "DICE metric on segmentations": 0.4073116183280945
}