{
    "Rotation degrees": [
        135,
        0,
        0
    ],
    "Image rotation mode": "bilinear",
    "Label rotation mode": "nearest",
    "MAE error on original images": 0.00742629814787981,
    "DICE metric on labels": 0.9763282835483551,
    "DICE metric on segmentations": 0.4063979883988698
}