{
    "Rotation degrees": [
        135,
        0,
        0
    ],
    "Image rotation mode": "bilinear",
    "Label rotation mode": "label_gaussian",
    "MAE error on original images": 0.00742629814787981,
    "DICE metric on labels": 0.9067699313163757,
    "DICE metric on segmentations": 0.41308944423993427
}