{
    "Rotation degrees": [
        0,
        135,
        0
    ],
    "Image rotation mode": "gaussian",
    "Label rotation mode": "nearest",
    "MAE error on original images": 0.04777628614735547,
    "DICE metric on labels": 0.9774895509084066,
    "DICE metric on segmentations": 0.3892636001110077
}