{
    "Rotation degrees": [
        0,
        135,
        0
    ],
    "Image rotation mode": "hamming",
    "Label rotation mode": "nearest",
    "MAE error on original images": 0.023224403033289487,
    "DICE metric on labels": 0.9774895509084066,
    "DICE metric on segmentations": 0.4007096340258916
}