{
    "Rotation degrees": [
        0,
        135,
        0
    ],
    "Image rotation mode": "bilinear",
    "Label rotation mode": "nearest",
    "MAE error on original images": 0.005408799137476345,
    "DICE metric on labels": 0.9774895509084066,
    "DICE metric on segmentations": 0.39923912783463794
}