{
    "Rotation degrees": [
        0,
        135,
        0
    ],
    "Image rotation mode": "welch",
    "Label rotation mode": "nearest",
    "MAE error on original images": 0.0036760124328818673,
    "DICE metric on labels": 0.9774895509084066,
    "DICE metric on segmentations": 0.3992532442013423
}