{
    "Rotation degrees": [
        0,
        135,
        0
    ],
    "Image rotation mode": "linear",
    "Label rotation mode": "nearest",
    "MAE error on original images": 0.012813470313253738,
    "DICE metric on labels": 0.9774895509084066,
    "DICE metric on segmentations": 0.3992360085248947
}