{
    "Rotation degrees": [
        0,
        135,
        0
    ],
    "Image rotation mode": "nearest",
    "Label rotation mode": "nearest",
    "MAE error on original images": 0.006703836276716228,
    "DICE metric on labels": 0.9774895509084066,
    "DICE metric on segmentations": 0.3980129808187485
}