{
    "Rotation degrees": [
        0,
        135,
        0
    ],
    "Image rotation mode": "bilinear",
    "Label rotation mode": "detailed",
    "MAE error on original images": 0.005408799137476345,
    "DICE metric on labels": 0.9855786363283793,
    "DICE metric on segmentations": 0.40100376804669696
}