{
    "MAPE error on original images": [
        0.0,
        0.0,
        0.0,
        0.0,
        0.0,
        0.0
    ],
    "Mean DICE metric on labels": [
        1.0,
        1.0,
        1.0,
        1.0,
        1.0,
        1.0
    ],
    "Mean DICE metric on segmentations": [
        0.8229127526283264,
        0.765564501285553,
        0.7756974101066589,
        0.7238917946815491,
        0.8019158840179443,
        0.7542760372161865
    ],
    "Mean IoU": [
        0.7119677066802979,
        0.6356996893882751,
        0.6426201462745667,
        0.5941050052642822,
        0.6834812164306641,
        0.6381396055221558
    ],
    "Mean Jaccard index": [
        0.9050719141960144,
        0.9350431561470032,
        0.9057275652885437,
        0.8816030025482178,
        0.9153070449829102,
        0.90748131275177
    ],
    "Mean Precision": [
        0.9072837233543396,
        0.7310604453086853,
        0.7729051113128662,
        0.7193518280982971,
        0.894364595413208,
        0.8821668028831482
    ],
    "Mean Recall": [
        0.9166086912155151,
        0.9452629089355469,
        0.915276288986206,
        0.8899850249290466,
        0.9257603883743286,
        0.9180235266685486
    ],
    "Mean Miss rate": [
        0.08339135348796844,
        0.05473707243800163,
        0.08472371846437454,
        0.11001499742269516,
        0.07423961907625198,
        0.08197642117738724
    ]
}