{
    "Rotation degrees range": [
        0,
        0
    ],
    "Num rotations": 1,
    "MAPE error on original images": 0.0,
    "Mean DICE metric on labels": 1.0,
    "Mean DICE metric on segmentations": 0.774043063322703,
    "Mean IoU": 0.6510022282600403,
    "Mean Jaccard index": 0.9083723326524099,
    "Mean Precision": 0.8178554177284241,
    "Mean Recall": 0.9184861381848654,
    "Mean Miss rate": 0.08151386367777984
}