{
    "Rotation degrees range": [
        0,
        0
    ],
    "Num rotations": 1,
    "MAPE error on original images": 1.4146856615054758e-06,
    "Mean DICE metric on labels": 1.0,
    "Mean DICE metric on segmentations": 0.7683461407820383,
    "Mean IoU": 0.6476837197939554,
    "Mean Jaccard index": 0.8943100074927012,
    "Mean Precision": 0.8459171851476034,
    "Mean Recall": 0.905867318312327,
    "Mean Miss rate": 0.09413269038001697,
    "Sample index": 2,
    "Rotation index": 0,
    "Median DICE metric on segmentations": 0.7775935530662537
}