{
    "MAPE error on original images": [
        0.0,
        0.0,
        0.0,
        0.0,
        0.0,
        0.0
    ],
    "Mean DICE metric on labels": [
        1.0,
        1.0,
        1.0,
        1.0,
        1.0,
        1.0
    ],
    "Mean DICE metric on segmentations": [
        0.808042049407959,
        0.8006973266601562,
        0.8042975068092346,
        0.7622191905975342,
        0.824390172958374,
        0.7920708060264587
    ],
    "Mean IoU": [
        0.6921560168266296,
        0.6836696863174438,
        0.681441605091095,
        0.6349537372589111,
        0.714119017124176,
        0.6755348443984985
    ],
    "Mean Jaccard index": [
        0.9012122750282288,
        0.9307497143745422,
        0.9065133333206177,
        0.8938197493553162,
        0.9068989753723145,
        0.901057243347168
    ],
    "Mean Precision": [
        0.8999446034431458,
        0.8666051626205444,
        0.8034738302230835,
        0.7718836665153503,
        0.9445473551750183,
        0.9244887828826904
    ],
    "Mean Recall": [
        0.912952184677124,
        0.9405278563499451,
        0.9163790345191956,
        0.9013786315917969,
        0.9171195030212402,
        0.9097455739974976
    ],
    "Mean Miss rate": [
        0.08704781532287598,
        0.05947215482592583,
        0.08362100273370743,
        0.0986214205622673,
        0.08288047462701797,
        0.09025435894727707
    ]
}