{
    "Rotation degrees range": [
        0,
        0
    ],
    "Num rotations": 1,
    "MAPE error on original images": 6.912055764775662e-07,
    "Mean DICE metric on labels": 1.0,
    "Mean DICE metric on segmentations": 0.70573162039121,
    "Mean IoU": 0.5617163678010305,
    "Mean Jaccard index": 0.9006919860839844,
    "Mean Precision": 0.6699610551198324,
    "Mean Recall": 0.9116671284039816,
    "Mean Miss rate": 0.08833287780483563,
    "Sample index": 4,
    "Rotation index": 0,
    "Median DICE metric on segmentations": 0.7146552205085754
}