{
    "Rotation degrees range": [
        0,
        0
    ],
    "Num rotations": 1,
    "MAPE error on original images": 0.0,
    "Mean DICE metric on labels": 1.0,
    "Mean DICE metric on segmentations": 0.7986195087432861,
    "Mean IoU": 0.6803124845027924,
    "Mean Jaccard index": 0.9067085484663645,
    "Mean Precision": 0.8684905668099722,
    "Mean Recall": 0.9163504640261332,
    "Mean Miss rate": 0.08364953783651193
}