{
    "Rotation degrees": [
        0,
        0,
        135
    ],
    "Image rotation mode": "bilinear",
    "Label rotation mode": "detailed",
    "MAE error on original images": 0.00898488689729797,
    "DICE metric on labels": 0.9830468495686849,
    "DICE metric on segmentations": 0.5255498538414637
}