{
    "Rotation degrees": [
        0,
        315,
        0
    ],
    "Image rotation mode": "bilinear",
    "Label rotation mode": "nearest",
    "MAE error on original images": 0.0053542685482284545,
    "DICE metric on labels": 0.9774895509084066,
    "DICE metric on segmentations": 0.48912182450294495
}