{
    "Rotation degrees": [
        0,
        315,
        0
    ],
    "Image rotation mode": "lanczos",
    "Label rotation mode": "nearest",
    "MAE error on original images": 0.003974550599306445,
    "DICE metric on labels": 0.9774895509084066,
    "DICE metric on segmentations": 0.4861789792776108
}