{
    "Rotation degrees": [
        0,
        315,
        0
    ],
    "Image rotation mode": "bilinear",
    "Label rotation mode": "detailed",
    "MAE error on original images": 0.0053542685482284545,
    "DICE metric on labels": 0.9855799774328867,
    "DICE metric on segmentations": 0.4915956109762192
}