{
    "Rotation degrees": [
        0,
        315,
        0
    ],
    "Image rotation mode": "blackman",
    "Label rotation mode": "nearest",
    "MAE error on original images": 0.0030928216956053437,
    "DICE metric on labels": 0.9774895509084066,
    "DICE metric on segmentations": 0.4876478562752406
}