{
    "Rotation degrees range": [
        0,
        1
    ],
    "Num rotations": 51,
    "MAPE error on original images": 0.022281484317019602,
    "Mean DICE metric on labels": 0.9994577765464783,
    "Mean DICE metric on segmentations": 0.77419641029601,
    "Mean IoU": 0.6468378342444601,
    "Mean Jaccard index": 0.900017595758625,
    "Mean Precision": 0.8016363144700044,
    "Mean Recall": 0.9099008789639068,
    "Mean Miss rate": 0.09009912205872193,
    "Sample index": 2,
    "Rotation index": 19,
    "Median DICE metric on segmentations": 0.7776091694831848
}