{
    "Rotation degrees": [
        0,
        225,
        0
    ],
    "Image rotation mode": "bilinear",
    "Label rotation mode": "detailed",
    "MAE error on original images": 0.005405174370272884,
    "DICE metric on labels": 0.985578695933024,
    "DICE metric on segmentations": 0.42315355439980823
}