{
    "Rotation degrees": [
        0,
        225,
        0
    ],
    "Image rotation mode": "bilinear",
    "Label rotation mode": "nearest",
    "MAE error on original images": 0.005405174370272884,
    "DICE metric on labels": 0.9774895509084066,
    "DICE metric on segmentations": 0.4204743405183156
}