{
    "Rotation degrees": [
        0,
        225,
        0
    ],
    "Image rotation mode": "bilinear",
    "Label rotation mode": "label_gaussian",
    "MAE error on original images": 0.005405174370272884,
    "DICE metric on labels": 0.9038211901982626,
    "DICE metric on segmentations": 0.42992668350537616
}