{
    "Rotation degrees": [
        45,
        0,
        0
    ],
    "Image rotation mode": "bilinear",
    "Label rotation mode": "nearest",
    "MAE error on original images": 0.007359652552401002,
    "DICE metric on labels": 0.9763282835483551,
    "DICE metric on segmentations": 0.4961434503396352
}