{
    "Rotation degrees": [
        45,
        0,
        0
    ],
    "Image rotation mode": "hamming",
    "Label rotation mode": "nearest",
    "MAE error on original images": 0.023866866428360643,
    "DICE metric on labels": 0.9763282835483551,
    "DICE metric on segmentations": 0.49568799634774524
}