{
    "Rotation degrees": [
        45,
        0,
        0
    ],
    "Image rotation mode": "bilinear",
    "Label rotation mode": "detailed",
    "MAE error on original images": 0.007359652552401002,
    "DICE metric on labels": 0.9869570732116699,
    "DICE metric on segmentations": 0.49719518423080444
}