{
    "Rotation degrees": [
        45,
        0,
        0
    ],
    "Image rotation mode": "nearest",
    "Label rotation mode": "nearest",
    "MAE error on original images": 0.008030785663585085,
    "DICE metric on labels": 0.9763282835483551,
    "DICE metric on segmentations": 0.4957546244064967
}