{
    "Rotation degrees": [
        45,
        0,
        0
    ],
    "Image rotation mode": "cosine",
    "Label rotation mode": "nearest",
    "MAE error on original images": 0.003956982656432879,
    "DICE metric on labels": 0.9763282835483551,
    "DICE metric on segmentations": 0.4954109787940979
}