{
    "Rotation degrees": [
        315,
        0,
        0
    ],
    "Image rotation mode": "welch",
    "Label rotation mode": "nearest",
    "MAE error on original images": 0.003754958708239449,
    "DICE metric on labels": 0.9763282835483551,
    "DICE metric on segmentations": 0.5091236382722855
}