{
    "Rotation degrees": [
        315,
        0,
        0
    ],
    "Image rotation mode": "bspline",
    "Label rotation mode": "nearest",
    "MAE error on original images": 0.016971595937565576,
    "DICE metric on labels": 0.9763282835483551,
    "DICE metric on segmentations": 0.5092301567395529
}