{
    "Rotation degrees": [
        0,
        0,
        225
    ],
    "Image rotation mode": "linear",
    "Label rotation mode": "nearest",
    "MAE error on original images": 0.0214366385923591,
    "DICE metric on labels": 0.9787377615769705,
    "DICE metric on segmentations": 0.5630068083604177
}