{
    "Rotation degrees": [
        0,
        0,
        225
    ],
    "Image rotation mode": "blackman",
    "Label rotation mode": "nearest",
    "MAE error on original images": 0.0037690158836715033,
    "DICE metric on labels": 0.9787377615769705,
    "DICE metric on segmentations": 0.5517487078905106
}