{
    "Rotation degrees": [
        0,
        0,
        225
    ],
    "Image rotation mode": "hamming",
    "Label rotation mode": "nearest",
    "MAE error on original images": 0.028019346141821704,
    "DICE metric on labels": 0.9787377615769705,
    "DICE metric on segmentations": 0.5640831092993418
}