{
    "Rotation degrees": [
        0,
        0,
        225
    ],
    "Image rotation mode": "bilinear",
    "Label rotation mode": "label_gaussian",
    "MAE error on original images": 0.008988784816487863,
    "DICE metric on labels": 0.9042829771836599,
    "DICE metric on segmentations": 0.5809820393721262
}