{
    "Rotation degrees": [
        0,
        0,
        225
    ],
    "Image rotation mode": "bilinear",
    "Label rotation mode": "detailed",
    "MAE error on original images": 0.008988784816487863,
    "DICE metric on labels": 0.9830468992392222,
    "DICE metric on segmentations": 0.5684362649917603
}