{
    "Rotation degrees": [
        0,
        0,
        225
    ],
    "Image rotation mode": "bilinear",
    "Label rotation mode": "nearest",
    "MAE error on original images": 0.008988784816487863,
    "DICE metric on labels": 0.9787377615769705,
    "DICE metric on segmentations": 0.5630047221978506
}