{
    "Rotation degrees": [
        0,
        0,
        225
    ],
    "Image rotation mode": "cosine",
    "Label rotation mode": "nearest",
    "MAE error on original images": 0.004601029926329656,
    "DICE metric on labels": 0.9787377615769705,
    "DICE metric on segmentations": 0.5568011005719503
}