{
    "Rotation degrees range": [
        5,
        20
    ],
    "Num rotations": 201,
    "MAPE error on original images": 0.025714762251554776,
    "Mean DICE metric on labels": 0.9860303501288096,
    "Mean DICE metric on segmentations": 0.6899161134193192,
    "Mean IoU": 0.5488930343593136,
    "Mean Jaccard index": 0.8732663677205296,
    "Mean Precision": 0.6839424076661542,
    "Mean Recall": 0.8859410514780143,
    "Mean Miss rate": 0.11405894736053536,
    "Sample index": 4,
    "Rotation index": 151,
    "Median DICE metric on segmentations": 0.6959825158119202
}