{
    "Rotation degrees range": [
        1,
        5
    ],
    "Num rotations": 101,
    "MAPE error on original images": 0.02556306979491349,
    "Mean DICE metric on labels": 0.9961248139540354,
    "Mean DICE metric on segmentations": 0.7354588839087156,
    "Mean IoU": 0.5978574524618218,
    "Mean Jaccard index": 0.8969938307508777,
    "Mean Precision": 0.7148857158009368,
    "Mean Recall": 0.9070225315715613,
    "Mean Miss rate": 0.09297746967020208,
    "Sample index": 2,
    "Rotation index": 71,
    "Median DICE metric on segmentations": 0.7421862483024597
}