{
    "Rotation degrees": [
        0,
        0,
        45
    ],
    "Image rotation mode": "bilinear",
    "Label rotation mode": "detailed",
    "MAE error on original images": 0.008950796211384119,
    "DICE metric on labels": 0.9830603500207266,
    "DICE metric on segmentations": 0.5946615636348724
}