{
    "Rotation degrees": [
        0,
        0,
        45
    ],
    "Image rotation mode": "bilinear",
    "Label rotation mode": "nearest",
    "MAE error on original images": 0.008950796211384119,
    "DICE metric on labels": 0.9787377615769705,
    "DICE metric on segmentations": 0.5884238878885905
}